{
    "spaceUuid": "6ff71a5e-ae7b-7a2f-ca07-b33f6a7a83fe",
    "guardians": {
        "scannedObjects": [
            {
                "uuid": "None_3a15f70b-3844-49d4-bfe3-a11f4722d20c",
                "position": {
                    "x": 0.17810378968715668,
                    "y": -0.748592734336853,
                    "z": 1.218676209449768
                },
                "localPositionForAnchor": {
                    "x": 0.17810378968715668,
                    "y": -0.748592734336853,
                    "z": 1.218676209449768
                },
                "rotation": {
                    "x": 0,
                    "y": 0.713775098323822,
                    "z": 0,
                    "w": 0.7003750205039978
                },
                "localRotationForAnchor": {
                    "x": 0,
                    "y": 0.713775098323822,
                    "z": 0,
                    "w": 0.7003750205039978
                },
                "size": {
                    "x": 0.8939152359962463,
                    "y": 1.353311538696289,
                    "z": 2.1071836948394775
                },
                "type": 0,
                "planes": [],
                "hasMesh": true,
                "isCut": true,
                "isFake": false,
                "typedData": {
                    "wallUuids": [],
                    "topMaskOffset": {
                        "x": 0,
                        "y": 0,
                        "z": 0
                    },
                    "bottomMaskOffset": {
                        "x": 0,
                        "y": 0,
                        "z": 0
                    }
                },
                "meshScan": {
                    "TrackableID": "1",
                    "Vertices": [
                        0.38974523544311523,
                        -0.0963229238986969,
                        -0.2140350341796875
                    ],
                    "Normals": [
                        0.38974523544311523,
                        -0.0963229238986969,
                        -0.2140350341796875
                    ],
                    "Triangles": [
                        0.38974523544311523,
                        -0.0963229238986969,
                        -0.2140350341796875
                    ]
                }
            }
        ]
    },
    "xrRigTransform": {
        "uuid": "1",
        "position": {
            "x": -0.5371888875961304,
            "y": -1.1309781074523926,
            "z": 0.15596342086791992
        },
        "rotation": {
            "x": 0,
            "y": -0.2577051818370819,
            "z": 0,
            "w": 0.9662235975265503
        },
        "size": {
            "x": 1,
            "y": 1,
            "z": 1
        },
        "type": 0,
        "planes": [],
        "hasMesh": false,
        "isCut": false,
        "isFake": false,
        "typedData": {
            "wallUuids": [],
            "topMaskOffset": {
                "x": 0,
                "y": 0,
                "z": 0
            },
            "bottomMaskOffset": {
                "x": 0,
                "y": 0,
                "z": 0
            }
        },
        "meshScan": {
            "TrackableID": "2",
            "Vertices": [
                0.38974523544311523,
                -0.0963229238986969,
                -0.2140350341796875
            ],
            "Normals": [
                0.38974523544311523,
                -0.0963229238986969,
                -0.2140350341796875
            ],
            "Triangles": [
                0.38974523544311523,
                -0.0963229238986969,
                -0.2140350341796875
            ],
            "Classification": 0,
            "IsFake": false,
            "localToWorld": {
                "e00": 0,
                "e01": 0,
                "e02": 0,
                "e03": 0,
                "e10": 0,
                "e11": 0,
                "e12": 0,
                "e13": 0,
                "e20": 0,
                "e21": 0,
                "e22": 0,
                "e23": 0,
                "e30": 0,
                "e31": 0,
                "e32": 0,
                "e33": 0
            }
        }
    }
}